title,description,video_url
The time is now so let&#39;s dance to #PermissiontoDance ğŸ’ƒğŸ•º with Jung Kook. Only on YouTube #Shorts,Create a 15-second YouTube Shorts using our moves with hashtag #PermissiontoDance & #Shorts in the title. Let's spread ...,https://www.youtube.com/watch?v=wr_Ilb_1feg
BTS (ë°©íƒ„ì†Œë…„ë‹¨) â€˜Butterâ€™ Jacket Preview Clip - Jimin #Shorts,Connect with BTS: https://ibighit.com/bts http://twitter.com/BTS_bighit http://twitter.com/BTS_twt ...,https://www.youtube.com/watch?v=YnoSTg2atPM
This FRIDAY!ğŸ•ºğŸ’ƒ Stay tuned for #BTS #PermissiontoDance challenge only on @YouTube #Shorts,Create a 15-second YouTube Shorts using our moves with hashtag #PermissiontoDance & #Shorts in the title. Let's spread ...,https://www.youtube.com/watch?v=zrwCw5wJE3o
â¡ Side step right left to my ğŸ’“,,https://www.youtube.com/watch?v=5KmfwvR1Xsc
Let&#39;s just have fun with your loved ones!ğŸ˜ #PermissiontoDance Challenge only on YouTube #Shorts,Create a 15-second YouTube Shorts using our moves with hashtag #PermissiontoDance & #Shorts in the title. Let's spread ...,https://www.youtube.com/watch?v=JQxQqdn9dEM
Keep dancing! ğŸ•ºğŸ’ƒ #PermissiontoDance Challenge only on YouTube #Shorts,Create a 15-second YouTube Shorts using our moves with hashtag #PermissiontoDance & #Shorts in the title. Let's spread ...,https://www.youtube.com/watch?v=vanOneiQXhI
Roll in like we&#39;re dancing fools! Dance to #PermissiontoDance ğŸ’ƒğŸ•º with Jin. Only on YouTube #Shorts,Create a 15-second YouTube Shorts using our moves with hashtag #PermissiontoDance & #Shorts in the title. Let's spread ...,https://www.youtube.com/watch?v=zExZX0QaOJo
[CHOREOGRAPHY] Jin of BTS â€˜ìŠˆí¼ ì°¸ì¹˜â€™ Special Performance Video,Jin #ì§„ #ìŠˆí¼ì°¸ì¹˜ #SUPERTUNA Connect with BTS: https://ibighit.com/bts http://twitter.com/BTS_bighit http://twitter.com/BTS_twt ...,https://www.youtube.com/watch?v=cQA7VKSvXFM
Abyss by Jin,Connect with BTS: https://ibighit.com/bts http://twitter.com/BTS_bighit http://twitter.com/BTS_twt ...,https://www.youtube.com/watch?v=aqtSOksH-NE
BTS (ë°©íƒ„ì†Œë…„ë‹¨) &#39;Butter&#39; @ CDTV Live! Live!,Connect with BTS: https://ibighit.com/bts http://twitter.com/BTS_bighit http://twitter.com/BTS_twt ...,https://www.youtube.com/watch?v=1fnregFDuYk
